video_time_sec,value
7.97,16
8.47,16
8.97,16
9.47,16
9.97,16
10.47,16
10.97,16
11.47,16
11.97,16
12.47,16
12.97,20
13.47,26
13.97,30
14.48,29
14.98,28
15.48,27
15.98,26
16.48,27
16.98,26
17.48,26
17.98,26
18.48,26
18.98,26
19.48,26
19.98,25
20.48,25
20.98,25
21.48,25
21.98,25
22.48,26
22.98,25
23.48,26
23.98,25
24.48,25
24.98,25
25.48,25
25.98,25
26.48,25
26.98,25
27.48,26
27.98,25
28.48,25
28.98,25
29.48,25
29.98,26
30.48,25
30.99,25
31.49,25
31.99,25
32.49,25
32.99,25
33.49,25
33.99,25
34.49,25
34.99,25
35.49,25
35.99,25
36.49,25
36.99,25
37.49,25
37.99,25
38.49,25
38.99,25
39.49,25
39.99,25
40.49,25
40.99,25
41.49,25
41.99,25
42.49,26
42.99,25
43.49,25
43.99,25
44.49,25
44.99,25
45.49,25
45.99,25
46.49,25
46.99,25
47.49,25
48.00,25
48.50,25
49.00,25
49.50,25
50.00,25
50.50,25
51.00,25
51.50,25
52.00,25
52.50,25
53.00,25
53.50,25
54.00,25
54.50,25
55.00,25
55.50,25
56.00,25
56.50,25
57.00,25
57.50,25
58.00,25
58.50,25
59.00,25
59.50,25
60.00,26
60.50,25
61.00,25
61.50,26
62.00,25
62.50,25
63.00,25
63.50,25
64.00,25
64.50,26
65.01,25
65.51,25
66.01,25
66.51,25
67.01,25
67.51,25
68.01,25
68.51,25
69.01,25
69.51,25
70.01,25
70.51,25
71.01,26
71.51,25
72.01,25
72.51,25
73.01,25
73.51,25
74.01,25
74.44,25
